{"cameraMode":{"drawMode":0,"name":"Shaded","section":"Shading Mode"},"sceneLighting":false,"audioPlay":false,"sceneViewState":{"showFog":false,"showMaterialUpdate":false,"showSkybox":false,"showFlares":true,"showImageEffects":true,"showParticleSystems":true},"in2DMode":false,"pivot":{"x":0.49000000953674319,"y":6.449999809265137,"z":-1.3115534782409669},"rotation":{"x":0.027689211070537568,"y":-0.7217429876327515,"z":0.028712881729006769,"w":0.6912882328033447},"size":4.052999019622803,"orthographic":false}