{"cameraMode":{"drawMode":0,"name":"Shaded","section":"Shading Mode"},"sceneLighting":false,"audioPlay":false,"sceneViewState":{"showFog":false,"showMaterialUpdate":false,"showSkybox":true,"showFlares":true,"showImageEffects":true,"showParticleSystems":true},"in2DMode":false,"pivot":{"x":-19.119104385375978,"y":-12.1100435256958,"z":75.0626220703125},"rotation":{"x":0.10554289072751999,"y":-0.05484771728515625,"z":0.005870622582733631,"w":0.9929789304733276},"size":112.36519622802735,"orthographic":false}