{"cameraMode":{"drawMode":0,"name":"Shaded","section":"Shading Mode"},"sceneLighting":false,"audioPlay":false,"sceneViewState":{"showFog":false,"showMaterialUpdate":false,"showSkybox":true,"showFlares":true,"showImageEffects":true,"showParticleSystems":true},"in2DMode":false,"pivot":{"x":-9.573017120361329,"y":-13.66693115234375,"z":-20.767446517944337},"rotation":{"x":-0.39173588156700137,"y":0.6045447587966919,"z":-0.4460417926311493,"w":-0.5316206216812134},"size":29.610755920410158,"orthographic":false}